{
  "propostas": [
    {
      "idProposta": 6,
      "placa": "EFX2541",
      "marca": "Honda",
      "modelo": "Civic",
      "cpf": "98745744845",
      "nome": "João Manuel da Silva",
      "idade": 40,
      "valorVeiculo": 55000,
      "taxaRisco": 2.5,
      "premioRisco": 1375,
      "premioPuro": 1416.25,
      "premioComercial": 1487.06,
      "dataAtualizacao": "2024-10-10T14:09:40"
    },
    {
      "idProposta": 5,
      "placa": "ABC1254",
      "marca": "Ford",
      "modelo": "Corsa",
      "cpf": "1253415454",
      "nome": "José da Silva",
      "idade": 18,
      "valorVeiculo": 10000,
      "taxaRisco": 2.5,
      "premioRisco": 250,
      "premioPuro": 257.5,
      "premioComercial": 270.38,
      "dataAtualizacao": "2024-10-10T11:57:58"
    },
    {
      "idProposta": 4,
      "placa": "ABC7090",
      "marca": "VW",
      "modelo": "Gol",
      "cpf": "12345678901",
      "nome": "José da Silva",
      "idade": 18,
      "valorVeiculo": 50000,
      "taxaRisco": 2.5,
      "premioRisco": 1250,
      "premioPuro": 1287.5,
      "premioComercial": 1351.88,
      "dataAtualizacao": "2024-10-10T11:47:05"
    },
    {
      "idProposta": 3,
      "placa": "ABC7090",
      "marca": "VW",
      "modelo": "Gol",
      "cpf": "12345678901",
      "nome": "José da Silva",
      "idade": 18,
      "valorVeiculo": 50000,
      "taxaRisco": 2.5,
      "premioRisco": 1250,
      "premioPuro": 1287,
      "premioComercial": 1351,
      "dataAtualizacao": "2024-10-10T11:45:13"
    }
  ],
  "qtdeLinhas": 4,
  "valorVeiculo": 41250,
  "taxaRisco": 2.5,
  "premioRisco": 1031.25,
  "premioPuro": 1062.0625,
  "premioComercial": 1115.08
}